Column1,Column2,Column3,Column4,Column5,Column6,Column7,Column8,Column9,Column10,Column11,Column12
Food,,,,,,,,,,,
4d4b7105d754a06374d81259,,,,,,,,,,,
Afghan Restaurant icon,,,,,,,,,,,
Afghan Restaurant,,,,,,,,,,,
503288ae91d4c4b30a586d67,,,,,,,,,,,
African Restaurant icon,,,,,,,,,,,
African Restaurant,,,,,,,,,,,
4bf58dd8d48988d1c8941735,,,,,,,,,,,
Ethiopian Restaurant icon,,,,,,,,,,,
Ethiopian Restaurant,,,,,,,,,,,
4bf58dd8d48988d10a941735,,,,,,,,,,,
American Restaurant icon,,,,,,,,,,,
American Restaurant,,,,,,,,,,,
4bf58dd8d48988d14e941735,,,,,,,,,,,
New American Restaurant icon,,,,,,,,,,,
New American Restaurant,,,,,,,,,,,
4bf58dd8d48988d157941735,,,,,,,,,,,
Asian Restaurant icon,,,,,,,,,,,
Asian Restaurant,,,,,,,,,,,
4bf58dd8d48988d142941735,,,,,,,,,,,
Burmese Restaurant icon,,,,,,,,,,,
Burmese Restaurant,,,,,,,,,,,
56aa371be4b08b9a8d573568,,,,,,,,,,,
Cambodian Restaurant icon,,,,,,,,,,,
Cambodian Restaurant,,,,,,,,,,,
52e81612bcbc57f1066b7a03,,,,,,,,,,,
Chinese Restaurant icon,,,,,,,,,,,
Chinese Restaurant,,,,,,,,,,,
4bf58dd8d48988d145941735,,,,,,,,,,,
Anhui Restaurant icon,,,,,,,,,,,
Anhui Restaurant,,,,,,,,,,,
52af3a5e3cf9994f4e043bea,,,,,,,,,,,
Supported countries: CN, HK, MO, MY, TW, SG,,,,,,
Beijing Restaurant icon,,,,,,,,,,,
Beijing Restaurant,,,,,,,,,,,
52af3a723cf9994f4e043bec,,,,,,,,,,,
Supported countries: CN, HK, MO, MY, TW, SG, JP,,,,,
Cantonese Restaurant icon,,,,,,,,,,,
Cantonese Restaurant,,,,,,,,,,,
52af3a7c3cf9994f4e043bed,,,,,,,,,,,
Cha Chaan Teng icon,,,,,,,,,,,
Cha Chaan Teng,,,,,,,,,,,
58daa1558bbb0b01f18ec1d3,,,,,,,,,,,
Chinese Aristocrat Restaurant icon,,,,,,,,,,,
Chinese Aristocrat Restaurant,,,,,,,,,,,
52af3a673cf9994f4e043beb,,,,,,,,,,,
Supported countries: CN, HK, MO, MY, TW, SG,,,,,,
Chinese Breakfast Place icon,,,,,,,,,,,
Chinese Breakfast Place,,,,,,,,,,,
52af3a903cf9994f4e043bee,,,,,,,,,,,
Supported countries: CN, HK, MO, MY, TW, SG,,,,,,
Dim Sum Restaurant icon,,,,,,,,,,,
Dim Sum Restaurant,,,,,,,,,,,
4bf58dd8d48988d1f5931735,,,,,,,,,,,
Dongbei Restaurant icon,,,,,,,,,,,
Dongbei Restaurant,,,,,,,,,,,
52af3a9f3cf9994f4e043bef,,,,,,,,,,,
Supported countries: CN, HK, MO, MY, TW, SG, CA, US,,,,
Fujian Restaurant icon,,,,,,,,,,,
Fujian Restaurant,,,,,,,,,,,
52af3aaa3cf9994f4e043bf0,,,,,,,,,,,
Supported countries: CN, HK, MO, MY, TW, SG, US, CA,,,,
Guizhou Restaurant icon,,,,,,,,,,,
Guizhou Restaurant,,,,,,,,,,,
52af3ab53cf9994f4e043bf1,,,,,,,,,,,
Supported countries: CN, HK, MO, MY, TW, SG,,,,,,
Hainan Restaurant icon,,,,,,,,,,,
Hainan Restaurant,,,,,,,,,,,
52af3abe3cf9994f4e043bf2,,,,,,,,,,,
Supported countries: CN, HK, MO, MY, TW, SG,,,,,,
Hakka Restaurant icon,,,,,,,,,,,
Hakka Restaurant,,,,,,,,,,,
52af3ac83cf9994f4e043bf3,,,,,,,,,,,
Supported countries: CN, HK, MO, MY, TW, SG, US, CA,,,,
Henan Restaurant icon,,,,,,,,,,,
Henan Restaurant,,,,,,,,,,,
52af3ad23cf9994f4e043bf4,,,,,,,,,,,
Supported countries: CN, HK, MO, MY, TW, SG,,,,,,
Hong Kong Restaurant icon,,,,,,,,,,,
Hong Kong Restaurant,,,,,,,,,,,
52af3add3cf9994f4e043bf5,,,,,,,,,,,
Supported countries: CN, HK, MO, MY, TW, SG,,,,,,
Huaiyang Restaurant icon,,,,,,,,,,,
Huaiyang Restaurant,,,,,,,,,,,
52af3af23cf9994f4e043bf7,,,,,,,,,,,
Supported countries: CN, HK, MO, MY, TW, SG,,,,,,
Hubei Restaurant icon,,,,,,,,,,,
Hubei Restaurant,,,,,,,,,,,
52af3ae63cf9994f4e043bf6,,,,,,,,,,,
Supported countries: CN, HK, MO, MY, TW, SG,,,,,,
Hunan Restaurant icon,,,,,,,,,,,
Hunan Restaurant,,,,,,,,,,,
52af3afc3cf9994f4e043bf8,,,,,,,,,,,
Supported countries: CN, HK, MO, MY, TW, SG, US, CA,,,,
Imperial Restaurant icon,,,,,,,,,,,
Imperial Restaurant,,,,,,,,,,,
52af3b053cf9994f4e043bf9,,,,,,,,,,,
Supported countries: CN, HK, MO, MY, TW, SG,,,,,,
Jiangsu Restaurant icon,,,,,,,,,,,
Jiangsu Restaurant,,,,,,,,,,,
52af3b213cf9994f4e043bfa,,,,,,,,,,,
Supported countries: CN, HK, MO, MY, TW, SG,,,,,,
Jiangxi Restaurant icon,,,,,,,,,,,
Jiangxi Restaurant,,,,,,,,,,,
52af3b293cf9994f4e043bfb,,,,,,,,,,,
Supported countries: CN, HK, MO, MY, TW, SG,,,,,,
Macanese Restaurant icon,,,,,,,,,,,
Macanese Restaurant,,,,,,,,,,,
52af3b343cf9994f4e043bfc,,,,,,,,,,,
Supported countries: CN, HK, MO, MY, TW, SG,,,,,,
Manchu Restaurant icon,,,,,,,,,,,
Manchu Restaurant,,,,,,,,,,,
52af3b3b3cf9994f4e043bfd,,,,,,,,,,,
Supported countries: CN, HK, MO, MY, TW, SG,,,,,,
Peking Duck Restaurant icon,,,,,,,,,,,
Peking Duck Restaurant,,,,,,,,,,,
52af3b463cf9994f4e043bfe,,,,,,,,,,,
Supported countries: CN, HK, MO, MY, TW, SG, US, CA,,,,
Shaanxi Restaurant icon,,,,,,,,,,,
Shaanxi Restaurant,,,,,,,,,,,
52af3b633cf9994f4e043c01,,,,,,,,,,,
Supported countries: CN, HK, MO, MY, TW, SG,,,,,,
Shandong Restaurant icon,,,,,,,,,,,
Shandong Restaurant,,,,,,,,,,,
52af3b513cf9994f4e043bff,,,,,,,,,,,
Supported countries: CN, HK, MO, MY, TW, SG,,,,,,
Shanghai Restaurant icon,,,,,,,,,,,
Shanghai Restaurant,,,,,,,,,,,
52af3b593cf9994f4e043c00,,,,,,,,,,,
Supported countries: CN, HK, MO, MY, TW, SG, US, CA, JP,,,
Shanxi Restaurant icon,,,,,,,,,,,
Shanxi Restaurant,,,,,,,,,,,
52af3b6e3cf9994f4e043c02,,,,,,,,,,,
Supported countries: CN, HK, MO, MY, TW, SG,,,,,,
Szechuan Restaurant icon,,,,,,,,,,,
Szechuan Restaurant,,,,,,,,,,,
52af3b773cf9994f4e043c03,,,,,,,,,,,
Taiwanese Restaurant icon,,,,,,,,,,,
Taiwanese Restaurant,,,,,,,,,,,
52af3b813cf9994f4e043c04,,,,,,,,,,,
Supported countries: CN, HK, MO, MY, TW, SG, US, CA, JP, AU,,
Tianjin Restaurant icon,,,,,,,,,,,
Tianjin Restaurant,,,,,,,,,,,
52af3b893cf9994f4e043c05,,,,,,,,,,,
Supported countries: CN, HK, MO, MY, TW, SG,,,,,,
Xinjiang Restaurant icon,,,,,,,,,,,
Xinjiang Restaurant,,,,,,,,,,,
52af3b913cf9994f4e043c06,,,,,,,,,,,
Supported countries: CN, HK, MO, MY, TW, SG, US, CA,,,,
Yunnan Restaurant icon,,,,,,,,,,,
Yunnan Restaurant,,,,,,,,,,,
52af3b9a3cf9994f4e043c07,,,,,,,,,,,
Supported countries: CN, HK, MO, MY, TW, SG,,,,,,
Zhejiang Restaurant icon,,,,,,,,,,,
Zhejiang Restaurant,,,,,,,,,,,
52af3ba23cf9994f4e043c08,,,,,,,,,,,
Supported countries: CN, HK, MO, MY, TW, SG,,,,,,
Filipino Restaurant icon,,,,,,,,,,,
Filipino Restaurant,,,,,,,,,,,
4eb1bd1c3b7b55596b4a748f,,,,,,,,,,,
Himalayan Restaurant icon,,,,,,,,,,,
Himalayan Restaurant,,,,,,,,,,,
52e81612bcbc57f1066b79fb,,,,,,,,,,,
Hotpot Restaurant icon,,,,,,,,,,,
Hotpot Restaurant,,,,,,,,,,,
52af0bd33cf9994f4e043bdd,,,,,,,,,,,
Supported countries: CN, HK, MO, MY, TW, SG, US, CA, JP, TH, VN, KR
Indonesian Restaurant icon,,,,,,,,,,,
Indonesian Restaurant,,,,,,,,,,,
4deefc054765f83613cdba6f,,,,,,,,,,,
Acehnese Restaurant icon,,,,,,,,,,,
Acehnese Restaurant,,,,,,,,,,,
52960eda3cf9994f4e043ac9,,,,,,,,,,,
Supported countries: ID,,,,,,,,,,,
Balinese Restaurant icon,,,,,,,,,,,
Balinese Restaurant,,,,,,,,,,,
52960eda3cf9994f4e043acb,,,,,,,,,,,
Supported countries: ID,,,,,,,,,,,
Betawinese Restaurant icon,,,,,,,,,,,
Betawinese Restaurant,,,,,,,,,,,
52960eda3cf9994f4e043aca,,,,,,,,,,,
Supported countries: ID,,,,,,,,,,,
Indonesian Meatball Place icon,,,,,,,,,,,
Indonesian Meatball Place,,,,,,,,,,,
52960eda3cf9994f4e043acc,,,,,,,,,,,
Supported countries: ID,,,,,,,,,,,
Javanese Restaurant icon,,,,,,,,,,,
Javanese Restaurant,,,,,,,,,,,
52960eda3cf9994f4e043ac7,,,,,,,,,,,
Supported countries: ID,,,,,,,,,,,
Manadonese Restaurant icon,,,,,,,,,,,
Manadonese Restaurant,,,,,,,,,,,
52960eda3cf9994f4e043ac8,,,,,,,,,,,
Supported countries: ID,,,,,,,,,,,
Padangnese Restaurant icon,,,,,,,,,,,
Padangnese Restaurant,,,,,,,,,,,
52960eda3cf9994f4e043ac5,,,,,,,,,,,
Supported countries: ID,,,,,,,,,,,
Sundanese Restaurant icon,,,,,,,,,,,
Sundanese Restaurant,,,,,,,,,,,
52960eda3cf9994f4e043ac6,,,,,,,,,,,
Supported countries: ID,,,,,,,,,,,
Japanese Restaurant icon,,,,,,,,,,,
Japanese Restaurant,,,,,,,,,,,
4bf58dd8d48988d111941735,,,,,,,,,,,
Donburi Restaurant icon,,,,,,,,,,,
Donburi Restaurant,,,,,,,,,,,
55a59bace4b013909087cb0c,,,,,,,,,,,
Supported countries: JP,,,,,,,,,,,
Japanese Curry Restaurant icon,,,,,,,,,,,
Japanese Curry Restaurant,,,,,,,,,,,
55a59bace4b013909087cb30,,,,,,,,,,,
Kaiseki Restaurant icon,,,,,,,,,,,
Kaiseki Restaurant,,,,,,,,,,,
55a59bace4b013909087cb21,,,,,,,,,,,
Supported countries: JP,,,,,,,,,,,
Kushikatsu Restaurant icon,,,,,,,,,,,
Kushikatsu Restaurant,,,,,,,,,,,
55a59bace4b013909087cb06,,,,,,,,,,,
Supported countries: JP,,,,,,,,,,,
Monjayaki Restaurant icon,,,,,,,,,,,
Monjayaki Restaurant,,,,,,,,,,,
55a59bace4b013909087cb1b,,,,,,,,,,,
Supported countries: JP,,,,,,,,,,,
Nabe Restaurant icon,,,,,,,,,,,
Nabe Restaurant,,,,,,,,,,,
55a59bace4b013909087cb1e,,,,,,,,,,,
Supported countries: JP,,,,,,,,,,,
Okonomiyaki Restaurant icon,,,,,,,,,,,
Okonomiyaki Restaurant,,,,,,,,,,,
55a59bace4b013909087cb18,,,,,,,,,,,
Supported countries: JP,,,,,,,,,,,
Ramen Restaurant icon,,,,,,,,,,,
Ramen Restaurant,,,,,,,,,,,
55a59bace4b013909087cb24,,,,,,,,,,,
Shabu-Shabu Restaurant icon,,,,,,,,,,,
Shabu-Shabu Restaurant,,,,,,,,,,,
55a59bace4b013909087cb15,,,,,,,,,,,
Soba Restaurant icon,,,,,,,,,,,
Soba Restaurant,,,,,,,,,,,
55a59bace4b013909087cb27,,,,,,,,,,,
Sukiyaki Restaurant icon,,,,,,,,,,,
Sukiyaki Restaurant,,,,,,,,,,,
55a59bace4b013909087cb12,,,,,,,,,,,
Supported countries: JP,,,,,,,,,,,
Sushi Restaurant icon,,,,,,,,,,,
Sushi Restaurant,,,,,,,,,,,
4bf58dd8d48988d1d2941735,,,,,,,,,,,
Takoyaki Place icon,,,,,,,,,,,
Takoyaki Place,,,,,,,,,,,
55a59bace4b013909087cb2d,,,,,,,,,,,
Supported countries: JP,,,,,,,,,,,
Tempura Restaurant icon,,,,,,,,,,,
Tempura Restaurant,,,,,,,,,,,
55a59a31e4b013909087cb00,,,,,,,,,,,
Supported countries: JP,,,,,,,,,,,
Tonkatsu Restaurant icon,,,,,,,,,,,
Tonkatsu Restaurant,,,,,,,,,,,
55a59af1e4b013909087cb03,,,,,,,,,,,
Supported countries: JP,,,,,,,,,,,
Udon Restaurant icon,,,,,,,,,,,
Udon Restaurant,,,,,,,,,,,
55a59bace4b013909087cb2a,,,,,,,,,,,
Unagi Restaurant icon,,,,,,,,,,,
Unagi Restaurant,,,,,,,,,,,
55a59bace4b013909087cb0f,,,,,,,,,,,
Supported countries: JP,,,,,,,,,,,
Wagashi Place icon,,,,,,,,,,,
Wagashi Place,,,,,,,,,,,
55a59bace4b013909087cb33,,,,,,,,,,,
Supported countries: JP,,,,,,,,,,,
Yakitori Restaurant icon,,,,,,,,,,,
Yakitori Restaurant,,,,,,,,,,,
55a59bace4b013909087cb09,,,,,,,,,,,
Supported countries: JP,,,,,,,,,,,
Yoshoku Restaurant icon,,,,,,,,,,,
Yoshoku Restaurant,,,,,,,,,,,
55a59bace4b013909087cb36,,,,,,,,,,,
Supported countries: JP,,,,,,,,,,,
Korean Restaurant icon,,,,,,,,,,,
Korean Restaurant,,,,,,,,,,,
4bf58dd8d48988d113941735,,,,,,,,,,,
Bossam/Jokbal Restaurant icon,,,,,,,,,,,
Bossam/Jokbal Restaurant,,,,,,,,,,,
56aa371be4b08b9a8d5734e4,,,,,,,,,,,
Supported countries: KR,,,,,,,,,,,
Bunsik Restaurant icon,,,,,,,,,,,
Bunsik Restaurant,,,,,,,,,,,
56aa371be4b08b9a8d5734f0,,,,,,,,,,,
Supported countries: KR,,,,,,,,,,,
Gukbap Restaurant icon,,,,,,,,,,,
Gukbap Restaurant,,,,,,,,,,,
56aa371be4b08b9a8d5734e7,,,,,,,,,,,
Supported countries: KR,,,,,,,,,,,
Janguh Restaurant icon,,,,,,,,,,,
Janguh Restaurant,,,,,,,,,,,
56aa371be4b08b9a8d5734ed,,,,,,,,,,,
Supported countries: KR,,,,,,,,,,,
Samgyetang Restaurant icon,,,,,,,,,,,
Samgyetang Restaurant,,,,,,,,,,,
56aa371be4b08b9a8d5734ea,,,,,,,,,,,
Supported countries: KR,,,,,,,,,,,
Malay Restaurant icon,,,,,,,,,,,
Malay Restaurant,,,,,,,,,,,
4bf58dd8d48988d156941735,,,,,,,,,,,
Mamak Restaurant icon,,,,,,,,,,,
Mamak Restaurant,,,,,,,,,,,
5ae9595eb77c77002c2f9f26,,,,,,,,,,,
Supported countries: MY,,,,,,,,,,,
Mongolian Restaurant icon,,,,,,,,,,,
Mongolian Restaurant,,,,,,,,,,,
4eb1d5724b900d56c88a45fe,,,,,,,,,,,
Noodle House icon,,,,,,,,,,,
Noodle House,,,,,,,,,,,
4bf58dd8d48988d1d1941735,,,,,,,,,,,
Satay Restaurant icon,,,,,,,,,,,
Satay Restaurant,,,,,,,,,,,
56aa371be4b08b9a8d57350e,,,,,,,,,,,
Thai Restaurant icon,,,,,,,,,,,
Thai Restaurant,,,,,,,,,,,
4bf58dd8d48988d149941735,,,,,,,,,,,
Som Tum Restaurant icon,,,,,,,,,,,
Som Tum Restaurant,,,,,,,,,,,
56aa371be4b08b9a8d573502,,,,,,,,,,,
Supported countries: TH,,,,,,,,,,,
Tibetan Restaurant icon,,,,,,,,,,,
Tibetan Restaurant,,,,,,,,,,,
52af39fb3cf9994f4e043be9,,,,,,,,,,,
Vietnamese Restaurant icon,,,,,,,,,,,
Vietnamese Restaurant,,,,,,,,,,,
4bf58dd8d48988d14a941735,,,,,,,,,,,
Australian Restaurant icon,,,,,,,,,,,
Australian Restaurant,,,,,,,,,,,
4bf58dd8d48988d169941735,,,,,,,,,,,
Austrian Restaurant icon,,,,,,,,,,,
Austrian Restaurant,,,,,,,,,,,
52e81612bcbc57f1066b7a01,,,,,,,,,,,
BBQ Joint icon,,,,,,,,,,,
BBQ Joint,,,,,,,,,,,
4bf58dd8d48988d1df931735,,,,,,,,,,,
Bagel Shop icon,,,,,,,,,,,
Bagel Shop,,,,,,,,,,,
4bf58dd8d48988d179941735,,,,,,,,,,,
Bakery icon,,,,,,,,,,,
Bakery,,,,,,,,,,,
4bf58dd8d48988d16a941735,,,,,,,,,,,
Bangladeshi Restaurant icon,,,,,,,,,,,
Bangladeshi Restaurant,,,,,,,,,,,
5e179ee74ae8e90006e9a746,,,,,,,,,,,
Belgian Restaurant icon,,,,,,,,,,,
Belgian Restaurant,,,,,,,,,,,
52e81612bcbc57f1066b7a02,,,,,,,,,,,
Bistro icon,,,,,,,,,,,
Bistro,,,,,,,,,,,
52e81612bcbc57f1066b79f1,,,,,,,,,,,
Breakfast Spot icon,,,,,,,,,,,
Breakfast Spot,,,,,,,,,,,
4bf58dd8d48988d143941735,,,,,,,,,,,
Bubble Tea Shop icon,,,,,,,,,,,
Bubble Tea Shop,,,,,,,,,,,
52e81612bcbc57f1066b7a0c,,,,,,,,,,,
Buffet icon,,,,,,,,,,,
Buffet,,,,,,,,,,,
52e81612bcbc57f1066b79f4,,,,,,,,,,,
Burger Joint icon,,,,,,,,,,,
Burger Joint,,,,,,,,,,,
4bf58dd8d48988d16c941735,,,,,,,,,,,
Cafeteria icon,,,,,,,,,,,
Cafeteria,,,,,,,,,,,
4bf58dd8d48988d128941735,,,,,,,,,,,
Café icon,,,,,,,,,,,
Café,,,,,,,,,,,
4bf58dd8d48988d16d941735,,,,,,,,,,,
Cajun / Creole Restaurant icon,,,,,,,,,,,
Cajun / Creole Restaurant,,,,,,,,,,,
4bf58dd8d48988d17a941735,,,,,,,,,,,
Caribbean Restaurant icon,,,,,,,,,,,
Caribbean Restaurant,,,,,,,,,,,
4bf58dd8d48988d144941735,,,,,,,,,,,
Cuban Restaurant icon,,,,,,,,,,,
Cuban Restaurant,,,,,,,,,,,
4bf58dd8d48988d154941735,,,,,,,,,,,
Caucasian Restaurant icon,,,,,,,,,,,
Caucasian Restaurant,,,,,,,,,,,
5293a7d53cf9994f4e043a45,,,,,,,,,,,
Coffee Shop icon,,,,,,,,,,,
Coffee Shop,,,,,,,,,,,
4bf58dd8d48988d1e0931735,,,,,,,,,,,
Comfort Food Restaurant icon,,,,,,,,,,,
Comfort Food Restaurant,,,,,,,,,,,
52e81612bcbc57f1066b7a00,,,,,,,,,,,
Creperie icon,,,,,,,,,,,
Creperie,,,,,,,,,,,
52e81612bcbc57f1066b79f2,,,,,,,,,,,
Czech Restaurant icon,,,,,,,,,,,
Czech Restaurant,,,,,,,,,,,
52f2ae52bcbc57f1066b8b81,,,,,,,,,,,
Deli / Bodega icon,,,,,,,,,,,
Deli / Bodega,,,,,,,,,,,
4bf58dd8d48988d146941735,,,,,,,,,,,
Dessert Shop icon,,,,,,,,,,,
Dessert Shop,,,,,,,,,,,
4bf58dd8d48988d1d0941735,,,,,,,,,,,
Cupcake Shop icon,,,,,,,,,,,
Cupcake Shop,,,,,,,,,,,
4bf58dd8d48988d1bc941735,,,,,,,,,,,
Frozen Yogurt Shop icon,,,,,,,,,,,
Frozen Yogurt Shop,,,,,,,,,,,
512e7cae91d4cbb4e5efe0af,,,,,,,,,,,
Ice Cream Shop icon,,,,,,,,,,,
Ice Cream Shop,,,,,,,,,,,
4bf58dd8d48988d1c9941735,,,,,,,,,,,
Pastry Shop icon,,,,,,,,,,,
Pastry Shop,,,,,,,,,,,
5744ccdfe4b0c0459246b4e2,,,,,,,,,,,
Pie Shop icon,,,,,,,,,,,
Pie Shop,,,,,,,,,,,
52e81612bcbc57f1066b7a0a,,,,,,,,,,,
Diner icon,,,,,,,,,,,
Diner,,,,,,,,,,,
4bf58dd8d48988d147941735,,,,,,,,,,,
Donut Shop icon,,,,,,,,,,,
Donut Shop,,,,,,,,,,,
4bf58dd8d48988d148941735,,,,,,,,,,,
Dumpling Restaurant icon,,,,,,,,,,,
Dumpling Restaurant,,,,,,,,,,,
4bf58dd8d48988d108941735,,,,,,,,,,,
Dutch Restaurant icon,,,,,,,,,,,
Dutch Restaurant,,,,,,,,,,,
5744ccdfe4b0c0459246b4d0,,,,,,,,,,,
Eastern European Restaurant icon,,,,,,,,,,,
Eastern European Restaurant,,,,,,,,,,,
4bf58dd8d48988d109941735,,,,,,,,,,,
Belarusian Restaurant icon,,,,,,,,,,,
Belarusian Restaurant,,,,,,,,,,,
52e928d0bcbc57f1066b7e97,,,,,,,,,,,
Supported countries: RU, UA, KZ, BY, AZ, UZ, TM, GE, AM, TJ, KY, MO
Bosnian Restaurant icon,,,,,,,,,,,
Bosnian Restaurant,,,,,,,,,,,
58daa1558bbb0b01f18ec1ee,,,,,,,,,,,
Bulgarian Restaurant icon,,,,,,,,,,,
Bulgarian Restaurant,,,,,,,,,,,
56aa371be4b08b9a8d5734f3,,,,,,,,,,,
Romanian Restaurant icon,,,,,,,,,,,
Romanian Restaurant,,,,,,,,,,,
52960bac3cf9994f4e043ac4,,,,,,,,,,,
Tatar Restaurant icon,,,,,,,,,,,
Tatar Restaurant,,,,,,,,,,,
52e928d0bcbc57f1066b7e98,,,,,,,,,,,
Supported countries: RU, UA, KZ, BY, AZ, UZ, TM, GE, AM, TJ, KY, MO
English Restaurant icon,,,,,,,,,,,
English Restaurant,,,,,,,,,,,
52e81612bcbc57f1066b7a05,,,,,,,,,,,
Falafel Restaurant icon,,,,,,,,,,,
Falafel Restaurant,,,,,,,,,,,
4bf58dd8d48988d10b941735,,,,,,,,,,,
Fast Food Restaurant icon,,,,,,,,,,,
Fast Food Restaurant,,,,,,,,,,,
4bf58dd8d48988d16e941735,,,,,,,,,,,
Fish & Chips Shop icon,,,,,,,,,,,
Fish & Chips Shop,,,,,,,,,,,
4edd64a0c7ddd24ca188df1a,,,,,,,,,,,
Fondue Restaurant icon,,,,,,,,,,,
Fondue Restaurant,,,,,,,,,,,
52e81612bcbc57f1066b7a09,,,,,,,,,,,
Food Court icon,,,,,,,,,,,
Food Court,,,,,,,,,,,
4bf58dd8d48988d120951735,,,,,,,,,,,
Food Stand icon,,,,,,,,,,,
Food Stand,,,,,,,,,,,
56aa371be4b08b9a8d57350b,,,,,,,,,,,
Food Truck icon,,,,,,,,,,,
Food Truck,,,,,,,,,,,
4bf58dd8d48988d1cb941735,,,,,,,,,,,
French Restaurant icon,,,,,,,,,,,
French Restaurant,,,,,,,,,,,
4bf58dd8d48988d10c941735,,,,,,,,,,,
Alsatian Restaurant icon,,,,,,,,,,,
Alsatian Restaurant,,,,,,,,,,,
57558b36e4b065ecebd306b6,,,,,,,,,,,
Supported countries: FR,,,,,,,,,,,
Auvergne Restaurant icon,,,,,,,,,,,
Auvergne Restaurant,,,,,,,,,,,
57558b36e4b065ecebd306b8,,,,,,,,,,,
Supported countries: FR,,,,,,,,,,,
Basque Restaurant icon,,,,,,,,,,,
Basque Restaurant,,,,,,,,,,,
57558b36e4b065ecebd306bc,,,,,,,,,,,
Supported countries: FR,,,,,,,,,,,
Brasserie icon,,,,,,,,,,,
Brasserie,,,,,,,,,,,
57558b36e4b065ecebd306b0,,,,,,,,,,,
Breton Restaurant icon,,,,,,,,,,,
Breton Restaurant,,,,,,,,,,,
57558b36e4b065ecebd306c5,,,,,,,,,,,
Supported countries: FR,,,,,,,,,,,
Burgundian Restaurant icon,,,,,,,,,,,
Burgundian Restaurant,,,,,,,,,,,
57558b36e4b065ecebd306c0,,,,,,,,,,,
Supported countries: FR,,,,,,,,,,,
Catalan Restaurant icon,,,,,,,,,,,
Catalan Restaurant,,,,,,,,,,,
57558b36e4b065ecebd306cb,,,,,,,,,,,
Supported countries: FR,,,,,,,,,,,
Ch'ti Restaurant icon,,,,,,,,,,,
Ch'ti Restaurant,,,,,,,,,,,
57558b36e4b065ecebd306ce,,,,,,,,,,,
Supported countries: FR,,,,,,,,,,,
Corsican Restaurant icon,,,,,,,,,,,
Corsican Restaurant,,,,,,,,,,,
57558b36e4b065ecebd306d1,,,,,,,,,,,
Supported countries: FR,,,,,,,,,,,
Estaminet icon,,,,,,,,,,,
Estaminet,,,,,,,,,,,
57558b36e4b065ecebd306b4,,,,,,,,,,,
Supported countries: FR, BE,,,,,,,,,,
Labour Canteen icon,,,,,,,,,,,
Labour Canteen,,,,,,,,,,,
57558b36e4b065ecebd306b2,,,,,,,,,,,
Supported countries: FR,,,,,,,,,,,
Lyonese Bouchon icon,,,,,,,,,,,
Lyonese Bouchon,,,,,,,,,,,
57558b35e4b065ecebd306ad,,,,,,,,,,,
Supported countries: FR,,,,,,,,,,,
Norman Restaurant icon,,,,,,,,,,,
Norman Restaurant,,,,,,,,,,,
57558b36e4b065ecebd306d4,,,,,,,,,,,
Supported countries: FR,,,,,,,,,,,
Provençal Restaurant icon,,,,,,,,,,,
Provençal Restaurant,,,,,,,,,,,
57558b36e4b065ecebd306d7,,,,,,,,,,,
Supported countries: FR,,,,,,,,,,,
Savoyard Restaurant icon,,,,,,,,,,,
Savoyard Restaurant,,,,,,,,,,,
57558b36e4b065ecebd306da,,,,,,,,,,,
Supported countries: FR,,,,,,,,,,,
Southwestern French Restaurant icon,,,,,,,,,,,
Southwestern French Restaurant,,,,,,,,,,,
57558b36e4b065ecebd306ba,,,,,,,,,,,
Supported countries: FR,,,,,,,,,,,
Fried Chicken Joint icon,,,,,,,,,,,
Fried Chicken Joint,,,,,,,,,,,
4d4ae6fc7a7b7dea34424761,,,,,,,,,,,
Friterie icon,,,,,,,,,,,
Friterie,,,,,,,,,,,
55d25775498e9f6a0816a37a,,,,,,,,,,,
Supported countries: BE, NL, IT,,,,,,,,,
Gastropub icon,,,,,,,,,,,
Gastropub,,,,,,,,,,,
4bf58dd8d48988d155941735,,,,,,,,,,,
German Restaurant icon,,,,,,,,,,,
German Restaurant,,,,,,,,,,,
4bf58dd8d48988d10d941735,,,,,,,,,,,
Apple Wine Pub icon,,,,,,,,,,,
Apple Wine Pub,,,,,,,,,,,
56aa371ce4b08b9a8d573583,,,,,,,,,,,
Supported countries: DE,,,,,,,,,,,
Bavarian Restaurant icon,,,,,,,,,,,
Bavarian Restaurant,,,,,,,,,,,
56aa371ce4b08b9a8d573572,,,,,,,,,,,
Supported countries: DE,,,,,,,,,,,
Bratwurst Joint icon,,,,,,,,,,,
Bratwurst Joint,,,,,,,,,,,
56aa371ce4b08b9a8d57358e,,,,,,,,,,,
Supported countries: DE, AT, CH,,,,,,,,,
Currywurst Joint icon,,,,,,,,,,,
Currywurst Joint,,,,,,,,,,,
56aa371ce4b08b9a8d57358b,,,,,,,,,,,
Supported countries: DE,,,,,,,,,,,
Franconian Restaurant icon,,,,,,,,,,,
Franconian Restaurant,,,,,,,,,,,
56aa371ce4b08b9a8d573574,,,,,,,,,,,
Supported countries: DE,,,,,,,,,,,
German Pop-Up Restaurant icon,,,,,,,,,,,
German Pop-Up Restaurant,,,,,,,,,,,
56aa371ce4b08b9a8d573592,,,,,,,,,,,
Supported countries: DE,,,,,,,,,,,
Palatine Restaurant icon,,,,,,,,,,,
Palatine Restaurant,,,,,,,,,,,
56aa371ce4b08b9a8d573578,,,,,,,,,,,
Supported countries: DE,,,,,,,,,,,
Rhenisch Restaurant icon,,,,,,,,,,,
Rhenisch Restaurant,,,,,,,,,,,
56aa371ce4b08b9a8d57357b,,,,,,,,,,,
Supported countries: DE,,,,,,,,,,,
Schnitzel Restaurant icon,,,,,,,,,,,
Schnitzel Restaurant,,,,,,,,,,,
56aa371ce4b08b9a8d573587,,,,,,,,,,,
Supported countries: DE,,,,,,,,,,,
Silesian Restaurant icon,,,,,,,,,,,
Silesian Restaurant,,,,,,,,,,,
56aa371ce4b08b9a8d57357f,,,,,,,,,,,
Supported countries: DE,,,,,,,,,,,
Swabian Restaurant icon,,,,,,,,,,,
Swabian Restaurant,,,,,,,,,,,
56aa371ce4b08b9a8d573576,,,,,,,,,,,
Supported countries: DE,,,,,,,,,,,
Gluten-free Restaurant icon,,,,,,,,,,,
Gluten-free Restaurant,,,,,,,,,,,
4c2cd86ed066bed06c3c5209,,,,,,,,,,,
Greek Restaurant icon,,,,,,,,,,,
Greek Restaurant,,,,,,,,,,,
4bf58dd8d48988d10e941735,,,,,,,,,,,
Bougatsa Shop icon,,,,,,,,,,,
Bougatsa Shop,,,,,,,,,,,
53d6c1b0e4b02351e88a83e8,,,,,,,,,,,
Supported countries: GR, CY,,,,,,,,,,
Cretan Restaurant icon,,,,,,,,,,,
Cretan Restaurant,,,,,,,,,,,
53d6c1b0e4b02351e88a83e2,,,,,,,,,,,
Supported countries: GR, CY,,,,,,,,,,
Fish Taverna icon,,,,,,,,,,,
Fish Taverna,,,,,,,,,,,
53d6c1b0e4b02351e88a83d8,,,,,,,,,,,
Supported countries: GR, CY,,,,,,,,,,
Grilled Meat Restaurant icon,,,,,,,,,,,
Grilled Meat Restaurant,,,,,,,,,,,
53d6c1b0e4b02351e88a83d6,,,,,,,,,,,
Supported countries: GR, CY,,,,,,,,,,
Kafenio icon,,,,,,,,,,,
Kafenio,,,,,,,,,,,
53d6c1b0e4b02351e88a83e6,,,,,,,,,,,
Supported countries: GR, CY,,,,,,,,,,
Magirio icon,,,,,,,,,,,
Magirio,,,,,,,,,,,
53d6c1b0e4b02351e88a83e4,,,,,,,,,,,
Supported countries: GR, CY,,,,,,,,,,
Meze Restaurant icon,,,,,,,,,,,
Meze Restaurant,,,,,,,,,,,
53d6c1b0e4b02351e88a83da,,,,,,,,,,,
Supported countries: GR, CY,,,,,,,,,,
Modern Greek Restaurant icon,,,,,,,,,,,
Modern Greek Restaurant,,,,,,,,,,,
53d6c1b0e4b02351e88a83d4,,,,,,,,,,,
Supported countries: GR, CY,,,,,,,,,,
Ouzeri icon,,,,,,,,,,,
Ouzeri,,,,,,,,,,,
53d6c1b0e4b02351e88a83dc,,,,,,,,,,,
Supported countries: GR, CY,,,,,,,,,,
Patsa Restaurant icon,,,,,,,,,,,
Patsa Restaurant,,,,,,,,,,,
53d6c1b0e4b02351e88a83e0,,,,,,,,,,,
Supported countries: GR, CY,,,,,,,,,,
Souvlaki Shop icon,,,,,,,,,,,
Souvlaki Shop,,,,,,,,,,,
52e81612bcbc57f1066b79f3,,,,,,,,,,,
Taverna icon,,,,,,,,,,,
Taverna,,,,,,,,,,,
53d6c1b0e4b02351e88a83d2,,,,,,,,,,,
Supported countries: GR, DE, CY,,,,,,,,,
Tsipouro Restaurant icon,,,,,,,,,,,
Tsipouro Restaurant,,,,,,,,,,,
53d6c1b0e4b02351e88a83de,,,,,,,,,,,
Supported countries: GR, CY,,,,,,,,,,
Halal Restaurant icon,,,,,,,,,,,
Halal Restaurant,,,,,,,,,,,
52e81612bcbc57f1066b79ff,,,,,,,,,,,
Hawaiian Restaurant icon,,,,,,,,,,,
Hawaiian Restaurant,,,,,,,,,,,
52e81612bcbc57f1066b79fe,,,,,,,,,,,
Poke Place icon,,,,,,,,,,,
Poke Place,,,,,,,,,,,
5bae9231bedf3950379f89d4,,,,,,,,,,,
Hot Dog Joint icon,,,,,,,,,,,
Hot Dog Joint,,,,,,,,,,,
4bf58dd8d48988d16f941735,,,,,,,,,,,
Hungarian Restaurant icon,,,,,,,,,,,
Hungarian Restaurant,,,,,,,,,,,
52e81612bcbc57f1066b79fa,,,,,,,,,,,
Indian Restaurant icon,,,,,,,,,,,
Indian Restaurant,,,,,,,,,,,
4bf58dd8d48988d10f941735,,,,,,,,,,,
Andhra Restaurant icon,,,,,,,,,,,
Andhra Restaurant,,,,,,,,,,,
54135bf5e4b08f3d2429dfe5,,,,,,,,,,,
Supported countries: IN,,,,,,,,,,,
Awadhi Restaurant icon,,,,,,,,,,,
Awadhi Restaurant,,,,,,,,,,,
54135bf5e4b08f3d2429dff3,,,,,,,,,,,
Supported countries: IN,,,,,,,,,,,
Bengali Restaurant icon,,,,,,,,,,,
Bengali Restaurant,,,,,,,,,,,
54135bf5e4b08f3d2429dff5,,,,,,,,,,,
Supported countries: IN,,,,,,,,,,,
Chaat Place icon,,,,,,,,,,,
Chaat Place,,,,,,,,,,,
54135bf5e4b08f3d2429dfe2,,,,,,,,,,,
Chettinad Restaurant icon,,,,,,,,,,,
Chettinad Restaurant,,,,,,,,,,,
54135bf5e4b08f3d2429dff2,,,,,,,,,,,
Supported countries: IN,,,,,,,,,,,
Dhaba icon,,,,,,,,,,,
Dhaba,,,,,,,,,,,
54135bf5e4b08f3d2429dfe1,,,,,,,,,,,
Supported countries: IN,,,,,,,,,,,
Dosa Place icon,,,,,,,,,,,
Dosa Place,,,,,,,,,,,
54135bf5e4b08f3d2429dfe3,,,,,,,,,,,
Supported countries: US,,,,,,,,,,,
Goan Restaurant icon,,,,,,,,,,,
Goan Restaurant,,,,,,,,,,,
54135bf5e4b08f3d2429dfe8,,,,,,,,,,,
Supported countries: IN,,,,,,,,,,,
Gujarati Restaurant icon,,,,,,,,,,,
Gujarati Restaurant,,,,,,,,,,,
54135bf5e4b08f3d2429dfe9,,,,,,,,,,,
Supported countries: IN,,,,,,,,,,,
Hyderabadi Restaurant icon,,,,,,,,,,,
Hyderabadi Restaurant,,,,,,,,,,,
54135bf5e4b08f3d2429dfe6,,,,,,,,,,,
Supported countries: IN,,,,,,,,,,,
Indian Chinese Restaurant icon,,,,,,,,,,,
Indian Chinese Restaurant,,,,,,,,,,,
54135bf5e4b08f3d2429dfdf,,,,,,,,,,,
Indian Sweet Shop icon,,,,,,,,,,,
Indian Sweet Shop,,,,,,,,,,,
54135bf5e4b08f3d2429dfe4,,,,,,,,,,,
Supported countries: IN,,,,,,,,,,,
Irani Cafe icon,,,,,,,,,,,
Irani Cafe,,,,,,,,,,,
54135bf5e4b08f3d2429dfe7,,,,,,,,,,,
Supported countries: IN,,,,,,,,,,,
Jain Restaurant icon,,,,,,,,,,,
Jain Restaurant,,,,,,,,,,,
54135bf5e4b08f3d2429dfea,,,,,,,,,,,
Supported countries: IN,,,,,,,,,,,
Karnataka Restaurant icon,,,,,,,,,,,
Karnataka Restaurant,,,,,,,,,,,
54135bf5e4b08f3d2429dfeb,,,,,,,,,,,
Supported countries: IN,,,,,,,,,,,
Kerala Restaurant icon,,,,,,,,,,,
Kerala Restaurant,,,,,,,,,,,
54135bf5e4b08f3d2429dfed,,,,,,,,,,,
Supported countries: IN,,,,,,,,,,,
Maharashtrian Restaurant icon,,,,,,,,,,,
Maharashtrian Restaurant,,,,,,,,,,,
54135bf5e4b08f3d2429dfee,,,,,,,,,,,
Supported countries: IN,,,,,,,,,,,
Mughlai Restaurant icon,,,,,,,,,,,
Mughlai Restaurant,,,,,,,,,,,
54135bf5e4b08f3d2429dff4,,,,,,,,,,,
Supported countries: IN,,,,,,,,,,,
Multicuisine Indian Restaurant icon,,,,,,,,,,,
Multicuisine Indian Restaurant,,,,,,,,,,,
54135bf5e4b08f3d2429dfe0,,,,,,,,,,,
Supported countries: IN,,,,,,,,,,,
North Indian Restaurant icon,,,,,,,,,,,
North Indian Restaurant,,,,,,,,,,,
54135bf5e4b08f3d2429dfdd,,,,,,,,,,,
Northeast Indian Restaurant icon,,,,,,,,,,,
Northeast Indian Restaurant,,,,,,,,,,,
54135bf5e4b08f3d2429dff6,,,,,,,,,,,
Supported countries: IN,,,,,,,,,,,
Parsi Restaurant icon,,,,,,,,,,,
Parsi Restaurant,,,,,,,,,,,
54135bf5e4b08f3d2429dfef,,,,,,,,,,,
Supported countries: IN,,,,,,,,,,,
Punjabi Restaurant icon,,,,,,,,,,,
Punjabi Restaurant,,,,,,,,,,,
54135bf5e4b08f3d2429dff0,,,,,,,,,,,
Supported countries: IN,,,,,,,,,,,
Rajasthani Restaurant icon,,,,,,,,,,,
Rajasthani Restaurant,,,,,,,,,,,
54135bf5e4b08f3d2429dff1,,,,,,,,,,,
Supported countries: IN,,,,,,,,,,,
South Indian Restaurant icon,,,,,,,,,,,
South Indian Restaurant,,,,,,,,,,,
54135bf5e4b08f3d2429dfde,,,,,,,,,,,
Udupi Restaurant icon,,,,,,,,,,,
Udupi Restaurant,,,,,,,,,,,
54135bf5e4b08f3d2429dfec,,,,,,,,,,,
Supported countries: IN,,,,,,,,,,,
Irish Pub icon,,,,,,,,,,,
Irish Pub,,,,,,,,,,,
52e81612bcbc57f1066b7a06,,,,,,,,,,,
Italian Restaurant icon,,,,,,,,,,,
Italian Restaurant,,,,,,,,,,,
4bf58dd8d48988d110941735,,,,,,,,,,,
Abruzzo Restaurant icon,,,,,,,,,,,
Abruzzo Restaurant,,,,,,,,,,,
55a5a1ebe4b013909087cbb6,,,,,,,,,,,
Supported countries: IT,,,,,,,,,,,
Agriturismo icon,,,,,,,,,,,
Agriturismo,,,,,,,,,,,
55a5a1ebe4b013909087cb7c,,,,,,,,,,,
Supported countries: IT, DE, CH, AT,,,,,,,,
Aosta Restaurant icon,,,,,,,,,,,
Aosta Restaurant,,,,,,,,,,,
55a5a1ebe4b013909087cba7,,,,,,,,,,,
Supported countries: IT,,,,,,,,,,,
Basilicata Restaurant icon,,,,,,,,,,,
Basilicata Restaurant,,,,,,,,,,,
55a5a1ebe4b013909087cba1,,,,,,,,,,,
Supported countries: IT,,,,,,,,,,,
Calabria Restaurant icon,,,,,,,,,,,
Calabria Restaurant,,,,,,,,,,,
55a5a1ebe4b013909087cba4,,,,,,,,,,,
Supported countries: IT,,,,,,,,,,,
Campanian Restaurant icon,,,,,,,,,,,
Campanian Restaurant,,,,,,,,,,,
55a5a1ebe4b013909087cb95,,,,,,,,,,,
Supported countries: IT,,,,,,,,,,,
Emilia Restaurant icon,,,,,,,,,,,
Emilia Restaurant,,,,,,,,,,,
55a5a1ebe4b013909087cb89,,,,,,,,,,,
Supported countries: IT,,,,,,,,,,,
Friuli Restaurant icon,,,,,,,,,,,
Friuli Restaurant,,,,,,,,,,,
55a5a1ebe4b013909087cb9b,,,,,,,,,,,
Supported countries: IT,,,,,,,,,,,
Ligurian Restaurant icon,,,,,,,,,,,
Ligurian Restaurant,,,,,,,,,,,
55a5a1ebe4b013909087cb98,,,,,,,,,,,
Supported countries: IT,,,,,,,,,,,
Lombard Restaurant icon,,,,,,,,,,,
Lombard Restaurant,,,,,,,,,,,
55a5a1ebe4b013909087cbbf,,,,,,,,,,,
Supported countries: IT,,,,,,,,,,,
Malga icon,,,,,,,,,,,
Malga,,,,,,,,,,,
55a5a1ebe4b013909087cb79,,,,,,,,,,,
Supported countries: IT, DE, CH, AT,,,,,,,,
Marche Restaurant icon,,,,,,,,,,,
Marche Restaurant,,,,,,,,,,,
55a5a1ebe4b013909087cbb0,,,,,,,,,,,
Supported countries: IT,,,,,,,,,,,
Molise Restaurant icon,,,,,,,,,,,
Molise Restaurant,,,,,,,,,,,
55a5a1ebe4b013909087cbb3,,,,,,,,,,,
Supported countries: IT,,,,,,,,,,,
Piadineria icon,,,,,,,,,,,
Piadineria,,,,,,,,,,,
55a5a1ebe4b013909087cb74,,,,,,,,,,,
Supported countries: IT,,,,,,,,,,,
Piedmontese Restaurant icon,,,,,,,,,,,
Piedmontese Restaurant,,,,,,,,,,,
55a5a1ebe4b013909087cbaa,,,,,,,,,,,
Supported countries: IT,,,,,,,,,,,
Puglia Restaurant icon,,,,,,,,,,,
Puglia Restaurant,,,,,,,,,,,
55a5a1ebe4b013909087cb83,,,,,,,,,,,
Supported countries: IT,,,,,,,,,,,
Romagna Restaurant icon,,,,,,,,,,,
Romagna Restaurant,,,,,,,,,,,
55a5a1ebe4b013909087cb8c,,,,,,,,,,,
Supported countries: IT,,,,,,,,,,,
Roman Restaurant icon,,,,,,,,,,,
Roman Restaurant,,,,,,,,,,,
55a5a1ebe4b013909087cb92,,,,,,,,,,,
Supported countries: IT,,,,,,,,,,,
Sardinian Restaurant icon,,,,,,,,,,,
Sardinian Restaurant,,,,,,,,,,,
55a5a1ebe4b013909087cb8f,,,,,,,,,,,
Supported countries: IT,,,,,,,,,,,
Sicilian Restaurant icon,,,,,,,,,,,
Sicilian Restaurant,,,,,,,,,,,
55a5a1ebe4b013909087cb86,,,,,,,,,,,
Supported countries: IT,,,,,,,,,,,
South Tyrolean Restaurant icon,,,,,,,,,,,
South Tyrolean Restaurant,,,,,,,,,,,
55a5a1ebe4b013909087cbb9,,,,,,,,,,,
Supported countries: IT,,,,,,,,,,,
Trattoria/Osteria icon,,,,,,,,,,,
Trattoria/Osteria,,,,,,,,,,,
55a5a1ebe4b013909087cb7f,,,,,,,,,,,
Supported countries: IT, DE,,,,,,,,,,
Trentino Restaurant icon,,,,,,,,,,,
Trentino Restaurant,,,,,,,,,,,
55a5a1ebe4b013909087cbbc,,,,,,,,,,,
Supported countries: IT,,,,,,,,,,,
Tuscan Restaurant icon,,,,,,,,,,,
Tuscan Restaurant,,,,,,,,,,,
55a5a1ebe4b013909087cb9e,,,,,,,,,,,
Supported countries: IT,,,,,,,,,,,
Umbrian Restaurant icon,,,,,,,,,,,
Umbrian Restaurant,,,,,,,,,,,
55a5a1ebe4b013909087cbc2,,,,,,,,,,,
Supported countries: IT,,,,,,,,,,,
Veneto Restaurant icon,,,,,,,,,,,
Veneto Restaurant,,,,,,,,,,,
55a5a1ebe4b013909087cbad,,,,,,,,,,,
Supported countries: IT,,,,,,,,,,,
Jewish Restaurant icon,,,,,,,,,,,
Jewish Restaurant,,,,,,,,,,,
52e81612bcbc57f1066b79fd,,,,,,,,,,,
Kosher Restaurant icon,,,,,,,,,,,
Kosher Restaurant,,,,,,,,,,,
52e81612bcbc57f1066b79fc,,,,,,,,,,,
Juice Bar icon,,,,,,,,,,,
Juice Bar,,,,,,,,,,,
4bf58dd8d48988d112941735,,,,,,,,,,,
Kebab Restaurant icon,,,,,,,,,,,
Kebab Restaurant,,,,,,,,,,,
5283c7b4e4b094cb91ec88d7,,,,,,,,,,,
Latin American Restaurant icon,,,,,,,,,,,
Latin American Restaurant,,,,,,,,,,,
4bf58dd8d48988d1be941735,,,,,,,,,,,
Arepa Restaurant icon,,,,,,,,,,,
Arepa Restaurant,,,,,,,,,,,
4bf58dd8d48988d152941735,,,,,,,,,,,
Empanada Restaurant icon,,,,,,,,,,,
Empanada Restaurant,,,,,,,,,,,
52939a8c3cf9994f4e043a35,,,,,,,,,,,
Salvadoran Restaurant icon,,,,,,,,,,,
Salvadoran Restaurant,,,,,,,,,,,
5745c7ac498e5d0483112fdb,,,,,,,,,,,
South American Restaurant icon,,,,,,,,,,,
South American Restaurant,,,,,,,,,,,
4bf58dd8d48988d1cd941735,,,,,,,,,,,
Argentinian Restaurant icon,,,,,,,,,,,
Argentinian Restaurant,,,,,,,,,,,
4bf58dd8d48988d107941735,,,,,,,,,,,
Brazilian Restaurant icon,,,,,,,,,,,
Brazilian Restaurant,,,,,,,,,,,
4bf58dd8d48988d16b941735,,,,,,,,,,,
Acai House icon,,,,,,,,,,,
Acai House,,,,,,,,,,,
5294c7523cf9994f4e043a62,,,,,,,,,,,
Supported countries: BR,,,,,,,,,,,
Baiano Restaurant icon,,,,,,,,,,,
Baiano Restaurant,,,,,,,,,,,
52939ae13cf9994f4e043a3b,,,,,,,,,,,
Supported countries: BR,,,,,,,,,,,
Central Brazilian Restaurant icon,,,,,,,,,,,
Central Brazilian Restaurant,,,,,,,,,,,
52939a9e3cf9994f4e043a36,,,,,,,,,,,
Supported countries: BR,,,,,,,,,,,
Churrascaria icon,,,,,,,,,,,
Churrascaria,,,,,,,,,,,
52939a643cf9994f4e043a33,,,,,,,,,,,
Supported countries: BR, DE,,,,,,,,,,
Empada House icon,,,,,,,,,,,
Empada House,,,,,,,,,,,
5294c55c3cf9994f4e043a61,,,,,,,,,,,
Supported countries: BR,,,,,,,,,,,
Goiano Restaurant icon,,,,,,,,,,,
Goiano Restaurant,,,,,,,,,,,
52939af83cf9994f4e043a3d,,,,,,,,,,,
Supported countries: BR,,,,,,,,,,,
Mineiro Restaurant icon,,,,,,,,,,,
Mineiro Restaurant,,,,,,,,,,,
52939aed3cf9994f4e043a3c,,,,,,,,,,,
Supported countries: BR,,,,,,,,,,,
Northeastern Brazilian Restaurant icon,,,,,,,,,,,
Northeastern Brazilian Restaurant,,,,,,,,,,,
52939aae3cf9994f4e043a37,,,,,,,,,,,
Supported countries: BR,,,,,,,,,,,
Northern Brazilian Restaurant icon,,,,,,,,,,,
Northern Brazilian Restaurant,,,,,,,,,,,
52939ab93cf9994f4e043a38,,,,,,,,,,,
Supported countries: BR,,,,,,,,,,,
Pastelaria icon,,,,,,,,,,,
Pastelaria,,,,,,,,,,,
5294cbda3cf9994f4e043a63,,,,,,,,,,,
Supported countries: BR,,,,,,,,,,,
Southeastern Brazilian Restaurant icon,,,,,,,,,,,
Southeastern Brazilian Restaurant,,,,,,,,,,,
52939ac53cf9994f4e043a39,,,,,,,,,,,
Supported countries: BR,,,,,,,,,,,
Southern Brazilian Restaurant icon,,,,,,,,,,,
Southern Brazilian Restaurant,,,,,,,,,,,
52939ad03cf9994f4e043a3a,,,,,,,,,,,
Supported countries: BR,,,,,,,,,,,
Tapiocaria icon,,,,,,,,,,,
Tapiocaria,,,,,,,,,,,
52939a7d3cf9994f4e043a34,,,,,,,,,,,
Supported countries: BR,,,,,,,,,,,
Colombian Restaurant icon,,,,,,,,,,,
Colombian Restaurant,,,,,,,,,,,
58daa1558bbb0b01f18ec1f4,,,,,,,,,,,
Peruvian Restaurant icon,,,,,,,,,,,
Peruvian Restaurant,,,,,,,,,,,
4eb1bfa43b7b52c0e1adc2e8,,,,,,,,,,,
Venezuelan Restaurant icon,,,,,,,,,,,
Venezuelan Restaurant,,,,,,,,,,,
56aa371be4b08b9a8d573558,,,,,,,,,,,
Mac & Cheese Joint icon,,,,,,,,,,,
Mac & Cheese Joint,,,,,,,,,,,
4bf58dd8d48988d1bf941735,,,,,,,,,,,
Supported countries: US, CA,,,,,,,,,,
Mediterranean Restaurant icon,,,,,,,,,,,
Mediterranean Restaurant,,,,,,,,,,,
4bf58dd8d48988d1c0941735,,,,,,,,,,,
Moroccan Restaurant icon,,,,,,,,,,,
Moroccan Restaurant,,,,,,,,,,,
4bf58dd8d48988d1c3941735,,,,,,,,,,,
Mexican Restaurant icon,,,,,,,,,,,
Mexican Restaurant,,,,,,,,,,,
4bf58dd8d48988d1c1941735,,,,,,,,,,,
Botanero icon,,,,,,,,,,,
Botanero,,,,,,,,,,,
58daa1558bbb0b01f18ec1d9,,,,,,,,,,,
Supported countries: MX,,,,,,,,,,,
Burrito Place icon,,,,,,,,,,,
Burrito Place,,,,,,,,,,,
4bf58dd8d48988d153941735,,,,,,,,,,,
Taco Place icon,,,,,,,,,,,
Taco Place,,,,,,,,,,,
4bf58dd8d48988d151941735,,,,,,,,,,,
Tex-Mex Restaurant icon,,,,,,,,,,,
Tex-Mex Restaurant,,,,,,,,,,,
56aa371ae4b08b9a8d5734ba,,,,,,,,,,,
Supported countries: US, CA,,,,,,,,,,
Yucatecan Restaurant icon,,,,,,,,,,,
Yucatecan Restaurant,,,,,,,,,,,
5744ccdfe4b0c0459246b4d3,,,,,,,,,,,
Supported countries: MX,,,,,,,,,,,
Middle Eastern Restaurant icon,,,,,,,,,,,
Middle Eastern Restaurant,,,,,,,,,,,
4bf58dd8d48988d115941735,,,,,,,,,,,
Egyptian Restaurant icon,,,,,,,,,,,
Egyptian Restaurant,,,,,,,,,,,
5bae9231bedf3950379f89e1,,,,,,,,,,,
Iraqi Restaurant icon,,,,,,,,,,,
Iraqi Restaurant,,,,,,,,,,,
5bae9231bedf3950379f89e7,,,,,,,,,,,
Israeli Restaurant icon,,,,,,,,,,,
Israeli Restaurant,,,,,,,,,,,
56aa371be4b08b9a8d573529,,,,,,,,,,,
Kurdish Restaurant icon,,,,,,,,,,,
Kurdish Restaurant,,,,,,,,,,,
5744ccdfe4b0c0459246b4ca,,,,,,,,,,,
Lebanese Restaurant icon,,,,,,,,,,,
Lebanese Restaurant,,,,,,,,,,,
58daa1558bbb0b01f18ec1cd,,,,,,,,,,,
Persian Restaurant icon,,,,,,,,,,,
Persian Restaurant,,,,,,,,,,,
52e81612bcbc57f1066b79f7,,,,,,,,,,,
Ash and Haleem Place icon,,,,,,,,,,,
Ash and Haleem Place,,,,,,,,,,,
58daa1558bbb0b01f18ec1bc,,,,,,,,,,,
Supported countries: IR,,,,,,,,,,,
Dizi Place icon,,,,,,,,,,,
Dizi Place,,,,,,,,,,,
58daa1558bbb0b01f18ec1c0,,,,,,,,,,,
Supported countries: IR,,,,,,,,,,,
Gilaki Restaurant icon,,,,,,,,,,,
Gilaki Restaurant,,,,,,,,,,,
58daa1558bbb0b01f18ec1c4,,,,,,,,,,,
Supported countries: IR,,,,,,,,,,,
Jegaraki icon,,,,,,,,,,,
Jegaraki,,,,,,,,,,,
58daa1558bbb0b01f18ec1c7,,,,,,,,,,,
Supported countries: IR,,,,,,,,,,,
Tabbakhi icon,,,,,,,,,,,
Tabbakhi,,,,,,,,,,,
5744ccdfe4b0c0459246b4a8,,,,,,,,,,,
Supported countries: IR,,,,,,,,,,,
Shawarma Place icon,,,,,,,,,,,
Shawarma Place,,,,,,,,,,,
5bae9231bedf3950379f89e4,,,,,,,,,,,
Syrian Restaurant icon,,,,,,,,,,,
Syrian Restaurant,,,,,,,,,,,
5bae9231bedf3950379f89da,,,,,,,,,,,
Yemeni Restaurant icon,,,,,,,,,,,
Yemeni Restaurant,,,,,,,,,,,
5bae9231bedf3950379f89ea,,,,,,,,,,,
Modern European Restaurant icon,,,,,,,,,,,
Modern European Restaurant,,,,,,,,,,,
52e81612bcbc57f1066b79f9,,,,,,,,,,,
Molecular Gastronomy Restaurant icon,,,,,,,,,,,
Molecular Gastronomy Restaurant,,,,,,,,,,,
4bf58dd8d48988d1c2941735,,,,,,,,,,,
Pakistani Restaurant icon,,,,,,,,,,,
Pakistani Restaurant,,,,,,,,,,,
52e81612bcbc57f1066b79f8,,,,,,,,,,,
Pet Café icon,,,,,,,,,,,
Pet Café,,,,,,,,,,,
56aa371be4b08b9a8d573508,,,,,,,,,,,
Pizza Place icon,,,,,,,,,,,
Pizza Place,,,,,,,,,,,
4bf58dd8d48988d1ca941735,,,,,,,,,,,
Polish Restaurant icon,,,,,,,,,,,
Polish Restaurant,,,,,,,,,,,
52e81612bcbc57f1066b7a04,,,,,,,,,,,
Portuguese Restaurant icon,,,,,,,,,,,
Portuguese Restaurant,,,,,,,,,,,
4def73e84765ae376e57713a,,,,,,,,,,,
Poutine Place icon,,,,,,,,,,,
Poutine Place,,,,,,,,,,,
56aa371be4b08b9a8d5734c7,,,,,,,,,,,
Supported countries: US, CA,,,,,,,,,,
Restaurant icon,,,,,,,,,,,
Restaurant,,,,,,,,,,,
4bf58dd8d48988d1c4941735,,,,,,,,,,,
Russian Restaurant icon,,,,,,,,,,,
Russian Restaurant,,,,,,,,,,,
5293a7563cf9994f4e043a44,,,,,,,,,,,
Blini House icon,,,,,,,,,,,
Blini House,,,,,,,,,,,
52e928d0bcbc57f1066b7e9d,,,,,,,,,,,
Supported countries: RU, UA, KZ, BY, AZ, UZ, TM, GE, AM, TJ, KY, MO
Pelmeni House icon,,,,,,,,,,,
Pelmeni House,,,,,,,,,,,
52e928d0bcbc57f1066b7e9c,,,,,,,,,,,
Supported countries: RU, UA, KZ, BY, AZ, UZ, TM, GE, AM, TJ, KY, MO
Salad Place icon,,,,,,,,,,,
Salad Place,,,,,,,,,,,
4bf58dd8d48988d1bd941735,,,,,,,,,,,
Sandwich Place icon,,,,,,,,,,,
Sandwich Place,,,,,,,,,,,
4bf58dd8d48988d1c5941735,,,,,,,,,,,
Scandinavian Restaurant icon,,,,,,,,,,,
Scandinavian Restaurant,,,,,,,,,,,
4bf58dd8d48988d1c6941735,,,,,,,,,,,
Scottish Restaurant icon,,,,,,,,,,,
Scottish Restaurant,,,,,,,,,,,
5744ccdde4b0c0459246b4a3,,,,,,,,,,,
Seafood Restaurant icon,,,,,,,,,,,
Seafood Restaurant,,,,,,,,,,,
4bf58dd8d48988d1ce941735,,,,,,,,,,,
Slovak Restaurant icon,,,,,,,,,,,
Slovak Restaurant,,,,,,,,,,,
56aa371be4b08b9a8d57355a,,,,,,,,,,,
Snack Place icon,,,,,,,,,,,
Snack Place,,,,,,,,,,,
4bf58dd8d48988d1c7941735,,,,,,,,,,,
Soup Place icon,,,,,,,,,,,
Soup Place,,,,,,,,,,,
4bf58dd8d48988d1dd931735,,,,,,,,,,,
Southern / Soul Food Restaurant icon,,,,,,,,,,,
Southern / Soul Food Restaurant,,,,,,,,,,,
4bf58dd8d48988d14f941735,,,,,,,,,,,
Spanish Restaurant icon,,,,,,,,,,,
Spanish Restaurant,,,,,,,,,,,
4bf58dd8d48988d150941735,,,,,,,,,,,
Paella Restaurant icon,,,,,,,,,,,
Paella Restaurant,,,,,,,,,,,
4bf58dd8d48988d14d941735,,,,,,,,,,,
Tapas Restaurant icon,,,,,,,,,,,
Tapas Restaurant,,,,,,,,,,,
4bf58dd8d48988d1db931735,,,,,,,,,,,
Sri Lankan Restaurant icon,,,,,,,,,,,
Sri Lankan Restaurant,,,,,,,,,,,
5413605de4b0ae91d18581a9,,,,,,,,,,,
Steakhouse icon,,,,,,,,,,,
Steakhouse,,,,,,,,,,,
4bf58dd8d48988d1cc941735,,,,,,,,,,,
Swiss Restaurant icon,,,,,,,,,,,
Swiss Restaurant,,,,,,,,,,,
4bf58dd8d48988d158941735,,,,,,,,,,,
Tea Room icon,,,,,,,,,,,
Tea Room,,,,,,,,,,,
4bf58dd8d48988d1dc931735,,,,,,,,,,,
Theme Restaurant icon,,,,,,,,,,,
Theme Restaurant,,,,,,,,,,,
56aa371be4b08b9a8d573538,,,,,,,,,,,
Truck Stop icon,,,,,,,,,,,
Truck Stop,,,,,,,,,,,
57558b36e4b065ecebd306dd,,,,,,,,,,,
Turkish Restaurant icon,,,,,,,,,,,
Turkish Restaurant,,,,,,,,,,,
4f04af1f2fb6e1c99f3db0bb,,,,,,,,,,,
Borek Place icon,,,,,,,,,,,
Borek Place,,,,,,,,,,,
530faca9bcbc57f1066bc2f3,,,,,,,,,,,
Supported countries: TR, CY, IR,,,,,,,,,
Cigkofte Place icon,,,,,,,,,,,
Cigkofte Place,,,,,,,,,,,
530faca9bcbc57f1066bc2f4,,,,,,,,,,,
Supported countries: TR, DE, CY, IR, AT,,,,,,,
Doner Restaurant icon,,,,,,,,,,,
Doner Restaurant,,,,,,,,,,,
5283c7b4e4b094cb91ec88d8,,,,,,,,,,,
Gozleme Place icon,,,,,,,,,,,
Gozleme Place,,,,,,,,,,,
5283c7b4e4b094cb91ec88d9,,,,,,,,,,,
Supported countries: TR, CY, IR,,,,,,,,,
Kofte Place icon,,,,,,,,,,,
Kofte Place,,,,,,,,,,,
5283c7b4e4b094cb91ec88db,,,,,,,,,,,
Supported countries: TR, DE, CY, IR,,,,,,,,
Kokoreç Restaurant icon,,,,,,,,,,,
Kokoreç Restaurant,,,,,,,,,,,
5283c7b4e4b094cb91ec88d6,,,,,,,,,,,
Supported countries: TR, CY, IR,,,,,,,,,
Kumpir Restaurant icon,,,,,,,,,,,
Kumpir Restaurant,,,,,,,,,,,
56aa371be4b08b9a8d573535,,,,,,,,,,,
Supported countries: TR, DE, CY, IR,,,,,,,,
Kumru Restaurant icon,,,,,,,,,,,
Kumru Restaurant,,,,,,,,,,,
56aa371be4b08b9a8d5734bd,,,,,,,,,,,
Supported countries: TR, CY, IR,,,,,,,,,
Manti Place icon,,,,,,,,,,,
Manti Place,,,,,,,,,,,
5283c7b4e4b094cb91ec88d5,,,,,,,,,,,
Supported countries: TR, CY, IR,,,,,,,,,
Meyhane icon,,,,,,,,,,,
Meyhane,,,,,,,,,,,
5283c7b4e4b094cb91ec88da,,,,,,,,,,,
Supported countries: TR, CY, IR,,,,,,,,,
Pide Place icon,,,,,,,,,,,
Pide Place,,,,,,,,,,,
530faca9bcbc57f1066bc2f2,,,,,,,,,,,
Supported countries: TR, DE, CY, IR,,,,,,,,
Pilavcı icon,,,,,,,,,,,
Pilavcı,,,,,,,,,,,
58daa1558bbb0b01f18ec1df,,,,,,,,,,,
Supported countries: TR,,,,,,,,,,,
Söğüş Place icon,,,,,,,,,,,
Söğüş Place,,,,,,,,,,,
58daa1558bbb0b01f18ec1dc,,,,,,,,,,,
Supported countries: TR,,,,,,,,,,,
Tantuni Restaurant icon,,,,,,,,,,,
Tantuni Restaurant,,,,,,,,,,,
56aa371be4b08b9a8d5734bf,,,,,,,,,,,
Supported countries: TR, CY, IR,,,,,,,,,
Turkish Coffeehouse icon,,,,,,,,,,,
Turkish Coffeehouse,,,,,,,,,,,
56aa371be4b08b9a8d5734c1,,,,,,,,,,,
Supported countries: TR, CY, IR,,,,,,,,,
Turkish Home Cooking Restaurant icon,,,,,,,,,,,
Turkish Home Cooking Restaurant,,,,,,,,,,,
5283c7b4e4b094cb91ec88d4,,,,,,,,,,,
Supported countries: TR, CY, IR,,,,,,,,,
Çöp Şiş Place icon,,,,,,,,,,,
Çöp Şiş Place,,,,,,,,,,,
58daa1558bbb0b01f18ec1e2,,,,,,,,,,,
Supported countries: TR,,,,,,,,,,,
Ukrainian Restaurant icon,,,,,,,,,,,
Ukrainian Restaurant,,,,,,,,,,,
52e928d0bcbc57f1066b7e96,,,,,,,,,,,
Varenyky restaurant icon,,,,,,,,,,,
Varenyky restaurant,,,,,,,,,,,
52e928d0bcbc57f1066b7e9a,,,,,,,,,,,
Supported countries: RU, UA, KZ, BY, AZ, UZ, TM, GE, AM, TJ, KY, MO
West-Ukrainian Restaurant icon,,,,,,,,,,,
West-Ukrainian Restaurant,,,,,,,,,,,
52e928d0bcbc57f1066b7e9b,,,,,,,,,,,
Supported countries: RU, UA, KZ, BY, AZ, UZ, TM, GE, AM, TJ, KY, MO
Vegetarian / Vegan Restaurant icon,,,,,,,,,,,
Vegetarian / Vegan Restaurant,,,,,,,,,,,
4bf58dd8d48988d1d3941735,,,,,,,,,,,
Wings Joint icon,,,,,,,,,,,
Wings Joint,,,,,,,,,,,
4bf58dd8d48988d14c941735,,,,,,,,,,,
